{
    "NO": {
        "1": {
            "1": {
                "name": "Cookie Island",
                "mat_card": 0,
                "mat_cell": [],
                "shovel": [
                    "1-1",
                    "1-2",
                    "1-3",
                    "1-4",
                    "1-5",
                    "1-6",
                    "1-7"
                ]
            },
            "2": {
                "name": "Salad Island - Land",
                "mat_card": 0,
                "mat_cell": [],
                "shovel": [
                    "1-2",
                    "1-4",
                    "1-6",
                    "2-2",
                    "2-3",
                    "2-4",
                    "2-5",
                    "2-6",
                    "3-2",
                    "3-4",
                    "3-6"
                ]
            },
            "3": {
                "name": "Salad Island - Water",
                "mat_card": 1,
                "mat_cell": [
                    "1-3",
                    "1-4",
                    "1-5",
                    "2-3",
                    "2-4",
                    "2-5",
                    "3-3",
                    "3-4",
                    "3-5",
                    "4-3",
                    "4-4",
                    "4-5",
                    "5-3",
                    "5-4",
                    "5-5",
                    "6-3",
                    "6-4",
                    "6-5",
                    "7-3",
                    "7-4",
                    "7-5",
                    "8-3",
                    "8-4",
                    "8-5",
                    "9-3",
                    "9-4",
                    "9-5"
                ],
                "shovel": [
                    "1-3",
                    "1-4",
                    "1-5",
                    "2-2",
                    "2-3",
                    "2-4",
                    "2-5",
                    "2-6"
                ]
            },
            "4": {
                "name": "Mousse Island",
                "mat_card": 0,
                "mat_cell": [],
                "shovel": [
                    "2-2",
                    "2-3",
                    "2-4",
                    "2-5",
                    "2-6",
                    "5-3",
                    "5-5",
                    "6-2",
                    "6-4",
                    "6-6",
                    "7-2",
                    "7-4",
                    "7-6"
                ]
            },
            "5": {
                "name": "Champagne Island - Land",
                "mat_card": 0,
                "mat_cell": [],
                "shovel": [
                    "1-3",
                    "1-5",
                    "2-2",
                    "2-3",
                    "2-4",
                    "2-5",
                    "2-6",
                    "5-2",
                    "5-4",
                    "5-6"
                ]
            },
            "6": {
                "name": "Champagne Island - Water",
                "mat_card": 1,
                "mat_cell": [
                    "1-3",
                    "1-4",
                    "1-5",
                    "2-3",
                    "2-4",
                    "2-5",
                    "3-3",
                    "3-4",
                    "3-5",
                    "4-3",
                    "4-4",
                    "4-5",
                    "5-3",
                    "5-4",
                    "5-5",
                    "6-3",
                    "6-4",
                    "6-5",
                    "7-3",
                    "7-4",
                    "7-5",
                    "8-3",
                    "8-4",
                    "8-5",
                    "9-3",
                    "9-4",
                    "9-5"
                ],
                "shovel": [
                    "1-2",
                    "1-6",
                    "2-2",
                    "2-3",
                    "2-4",
                    "2-5",
                    "2-6"
                ]
            },
            "7": {
                "name": "Temple",
                "mat_card": 0,
                "mat_cell": [],
                "shovel": [
                    "2-1",
                    "2-2",
                    "2-3",
                    "2-4",
                    "2-5",
                    "2-6",
                    "2-7"
                ]
            },
            "8": {
                "name": "Pudding Island - Daytime",
                "mat_card": 0,
                "mat_cell": [],
                "shovel": [
                    "2-3",
                    "2-4",
                    "2-5"
                ]
            },
            "9": {
                "name": "Pudding Island - Evening",
                "mat_card": 0,
                "mat_cell": [],
                "shovel": [
                    "2-2",
                    "2-3",
                    "2-4",
                    "2-5",
                    "2-6"
                ]
            },
            "10": {
                "name": "Cocoa Island - Daytime",
                "mat_card": 1,
                "mat_cell": [
                    "1-1",
                    "1-2",
                    "2-1",
                    "2-2",
                    "3-1",
                    "3-2",
                    "4-1",
                    "4-2",
                    "5-1",
                    "5-2",
                    "6-1",
                    "6-2",
                    "7-1",
                    "7-2",
                    "8-1",
                    "8-2",
                    "9-1",
                    "9-2",
                    "1-6",
                    "1-7",
                    "2-6",
                    "2-7",
                    "3-6",
                    "3-7",
                    "4-6",
                    "4-7",
                    "5-6",
                    "5-7",
                    "6-6",
                    "6-7",
                    "7-6",
                    "7-7",
                    "8-6",
                    "8-7",
                    "9-6",
                    "9-7"
                ],
                "shovel": [
                    "2-3",
                    "2-4",
                    "2-5"
                ]
            },
            "11": {
                "name": "Cocoa Island - Evening",
                "mat_card": 1,
                "mat_cell": [
                    "1-1",
                    "1-2",
                    "2-1",
                    "2-2",
                    "3-1",
                    "3-2",
                    "4-1",
                    "4-2",
                    "5-1",
                    "5-2",
                    "6-1",
                    "6-2",
                    "7-1",
                    "7-2",
                    "8-1",
                    "8-2",
                    "9-1",
                    "9-2",
                    "1-6",
                    "1-7",
                    "2-6",
                    "2-7",
                    "3-6",
                    "3-7",
                    "4-6",
                    "4-7",
                    "5-6",
                    "5-7",
                    "6-6",
                    "6-7",
                    "7-6",
                    "7-7",
                    "8-6",
                    "8-7",
                    "9-6",
                    "9-7"
                ],
                "shovel": [
                    "2-2",
                    "2-3",
                    "2-4",
                    "2-5",
                    "2-6"
                ]
            },
            "12": {
                "name": "Curry Island - Daytime",
                "mat_card": 0,
                "mat_cell": [],
                "shovel": [
                    "2-3",
                    "2-4",
                    "2-5"
                ]
            },
            "13": {
                "name": "Curry Island - Evening",
                "mat_card": 1,
                "mat_cell": [
                    "1-3",
                    "1-4",
                    "1-5",
                    "2-3",
                    "2-4",
                    "2-5",
                    "3-3",
                    "3-4",
                    "3-5",
                    "4-3",
                    "4-4",
                    "4-5",
                    "5-3",
                    "5-4",
                    "5-5",
                    "6-3",
                    "6-4",
                    "6-5",
                    "7-3",
                    "7-4",
                    "7-5",
                    "8-3",
                    "8-4",
                    "8-5",
                    "9-3",
                    "9-4",
                    "9-5"
                ],
                "shovel": [
                    "2-2",
                    "2-3",
                    "2-4",
                    "2-5",
                    "2-6"
                ]
            },
            "14": {
                "name": "Abyss",
                "mat_card": 1,
                "mat_cell": [
                    "1-3",
                    "1-4",
                    "1-5",
                    "2-3",
                    "2-4",
                    "2-5",
                    "3-3",
                    "3-4",
                    "3-5",
                    "4-3",
                    "4-4",
                    "4-5",
                    "5-3",
                    "5-4",
                    "5-5",
                    "6-3",
                    "6-4",
                    "6-5",
                    "7-3",
                    "7-4",
                    "7-5",
                    "8-3",
                    "8-4",
                    "8-5",
                    "9-3",
                    "9-4",
                    "9-5"
                ],
                "shovel": []
            },
            "15": {
                "name": "Delicious Roam",
                "mat_card": 0,
                "mat_cell": [],
                "shovel": []
            }
        },
        "2": {
            "1": {
                "name": "Mustard Hut - Daytime",
                "mat_card": 1,
                "mat_cell": [
                    "1-1",
                    "1-2",
                    "1-3",
                    "1-4",
                    "1-5",
                    "1-6",
                    "1-7",
                    "2-1",
                    "2-2",
                    "2-3",
                    "2-4",
                    "2-5",
                    "2-6",
                    "2-7",
                    "3-1",
                    "3-2",
                    "3-3",
                    "3-4",
                    "3-5",
                    "3-6",
                    "3-7",
                    "4-1",
                    "4-2",
                    "4-3",
                    "4-4",
                    "4-5",
                    "4-6",
                    "4-7",
                    "5-1",
                    "5-2",
                    "5-3",
                    "5-4",
                    "5-5",
                    "5-6",
                    "5-7",
                    "6-1",
                    "6-2",
                    "6-3",
                    "6-4",
                    "6-5",
                    "6-6",
                    "6-7",
                    "7-1",
                    "7-2",
                    "7-3",
                    "7-4",
                    "7-5",
                    "7-6",
                    "7-7",
                    "8-1",
                    "8-2",
                    "8-3",
                    "8-4",
                    "8-5",
                    "8-6",
                    "8-7",
                    "9-1",
                    "9-2",
                    "9-3",
                    "9-4",
                    "9-5",
                    "9-6",
                    "9-7"
                ],
                "shovel": []
            },
            "2": {
                "name": "Mustard Hut - Evening",
                "mat_card": 1,
                "mat_cell": [
                    "1-1",
                    "1-2",
                    "1-3",
                    "1-4",
                    "1-5",
                    "1-6",
                    "1-7",
                    "2-1",
                    "2-2",
                    "2-3",
                    "2-4",
                    "2-5",
                    "2-6",
                    "2-7",
                    "3-1",
                    "3-2",
                    "3-3",
                    "3-4",
                    "3-5",
                    "3-6",
                    "3-7",
                    "4-1",
                    "4-2",
                    "4-3",
                    "4-4",
                    "4-5",
                    "4-6",
                    "4-7",
                    "5-1",
                    "5-2",
                    "5-3",
                    "5-4",
                    "5-5",
                    "5-6",
                    "5-7",
                    "6-1",
                    "6-2",
                    "6-3",
                    "6-4",
                    "6-5",
                    "6-6",
                    "6-7",
                    "7-1",
                    "7-2",
                    "7-3",
                    "7-4",
                    "7-5",
                    "7-6",
                    "7-7",
                    "8-1",
                    "8-2",
                    "8-3",
                    "8-4",
                    "8-5",
                    "8-6",
                    "8-7",
                    "9-1",
                    "9-2",
                    "9-3",
                    "9-4",
                    "9-5",
                    "9-6",
                    "9-7"
                ],
                "shovel": []
            },
            "3": {
                "name": "Mint Beach - Daytime",
                "mat_card": 0,
                "mat_cell": [],
                "shovel": []
            },
            "4": {
                "name": "Mint Beach - Evening",
                "mat_card": 0,
                "mat_cell": [],
                "shovel": []
            },
            "5": {
                "name": "Chateau Roquefort",
                "mat_card": 1,
                "mat_cell": [
                    "1-1",
                    "1-2",
                    "1-3",
                    "1-4",
                    "1-5",
                    "1-6",
                    "1-7",
                    "2-1",
                    "2-2",
                    "2-3",
                    "2-4",
                    "2-5",
                    "2-6",
                    "2-7",
                    "3-1",
                    "3-2",
                    "3-3",
                    "3-4",
                    "3-5",
                    "3-6",
                    "3-7",
                    "4-1",
                    "4-2",
                    "4-3",
                    "4-4",
                    "4-5",
                    "4-6",
                    "4-7",
                    "5-1",
                    "5-2",
                    "5-3",
                    "5-4",
                    "5-5",
                    "5-6",
                    "5-7",
                    "6-1",
                    "6-2",
                    "6-3",
                    "6-4",
                    "6-5",
                    "6-6",
                    "6-7",
                    "7-1",
                    "7-2",
                    "7-3",
                    "7-4",
                    "7-5",
                    "7-6",
                    "7-7",
                    "8-1",
                    "8-2",
                    "8-3",
                    "8-4",
                    "8-5",
                    "8-6",
                    "8-7",
                    "9-1",
                    "9-2",
                    "9-3",
                    "9-4",
                    "9-5",
                    "9-6",
                    "9-7"
                ],
                "shovel": []
            },
            "6": {
                "name": "Grill Rainforest - Daytime",
                "mat_card": 1,
                "mat_cell": [
                    "2-6",
                    "3-1",
                    "6-3",
                    "6-4"
                ],
                "shovel": []
            },
            "7": {
                "name": "Grill Rainforest - Evening",
                "mat_card": 1,
                "mat_cell": [
                    "2-6",
                    "3-1",
                    "6-3",
                    "6-4"
                ],
                "shovel": []
            },
            "8": {
                "name": "Matcha Manor - Daytime",
                "mat_card": 0,
                "mat_cell": [],
                "shovel": []
            },
            "9": {
                "name": "Matcha Manor - Evening",
                "mat_card": 0,
                "mat_cell": [],
                "shovel": []
            },
            "10": {
                "name": "Machado Airport",
                "mat_card": 0,
                "mat_cell": [],
                "shovel": []
            },
            "11": {
                "name": "Cotton Candy Sky - Daytime",
                "mat_card": 2,
                "mat_cell": [
                    "9-1",
                    "9-2",
                    "9-3",
                    "9-4",
                    "9-5",
                    "9-6",
                    "9-7"
                ],
                "shovel": []
            },
            "12": {
                "name": "Cotton Candy Sky - Evening",
                "mat_card": 2,
                "mat_cell": [
                    "9-1",
                    "9-2",
                    "9-3",
                    "9-4",
                    "9-5",
                    "9-6",
                    "9-7"
                ],
                "shovel": []
            },
            "13": {
                "name": "Jam Tribe - Daytime",
                "mat_card": 2,
                "mat_cell": [
                    "4-4",
                    "4-5",
                    "4-6",
                    "4-7",
                    "5-1",
                    "5-2",
                    "5-3",
                    "5-4",
                    "5-5",
                    "5-7",
                    "6-1",
                    "6-3",
                    "6-4",
                    "6-5",
                    "6-6",
                    "6-7",
                    "7-1",
                    "7-2",
                    "7-3"
                ],
                "shovel": []
            },
            "14": {
                "name": "Jam Tribe - Evening",
                "mat_card": 2,
                "mat_cell": [
                    "4-4",
                    "4-5",
                    "4-6",
                    "4-7",
                    "5-1",
                    "5-2",
                    "5-3",
                    "5-4",
                    "5-5",
                    "5-7",
                    "6-1",
                    "6-3",
                    "6-4",
                    "6-5",
                    "6-6",
                    "6-7",
                    "7-1",
                    "7-2",
                    "7-3"
                ],
                "shovel": []
            },
            "15": {
                "name": "Snow Cap Volcano",
                "mat_card": 2,
                "mat_cell": [
                    "3-3",
                    "3-5",
                    "4-3",
                    "4-5",
                    "4-6",
                    "5-1",
                    "6-1",
                    "6-6",
                    "8-3",
                    "9-1",
                    "9-2",
                    "9-3",
                    "9-6",
                    "9-7"
                ],
                "shovel": []
            },
            "16": {
                "name": "Volcano Roam",
                "mat_card": 0,
                "mat_cell": [],
                "shovel": []
            },
            "17": {
                "name": "Brave Challenge - Last One",
                "mat_card": 2,
                "mat_cell": [
                    "9-1",
                    "9-3",
                    "9-5",
                    "9-7"
                ],
                "shovel": []
            }
        },
        "3": {
            "1": {
                "name": "Nut Waterfall",
                "mat_card": 1,
                "mat_cell": [
                    "1-3",
                    "1-4",
                    "1-5",
                    "2-3",
                    "2-4",
                    "2-5",
                    "3-3",
                    "3-4",
                    "3-5",
                    "4-3",
                    "4-4",
                    "4-5",
                    "5-3",
                    "5-4",
                    "5-5",
                    "6-3",
                    "6-4",
                    "6-5",
                    "7-3",
                    "7-4",
                    "7-5",
                    "8-3",
                    "8-4",
                    "8-5",
                    "9-3",
                    "9-4",
                    "9-5"
                ],
                "shovel": []
            },
            "2": {
                "name": "Hazelnut Waterfall",
                "mat_card": 1,
                "mat_cell": [
                    "1-3",
                    "1-4",
                    "1-5",
                    "2-3",
                    "2-4",
                    "2-5",
                    "3-3",
                    "3-4",
                    "3-5",
                    "4-3",
                    "4-4",
                    "4-5",
                    "5-3",
                    "5-4",
                    "5-5",
                    "6-3",
                    "6-4",
                    "6-5",
                    "7-3",
                    "7-4",
                    "7-5",
                    "8-3",
                    "8-4",
                    "8-5",
                    "9-3",
                    "9-4",
                    "9-5"
                ],
                "shovel": []
            },
            "3": {
                "name": "Black Grape Jungle",
                "mat_card": 0,
                "mat_cell": [],
                "shovel": []
            },
            "4": {
                "name": "Blueberry Jungle",
                "mat_card": 0,
                "mat_cell": [],
                "shovel": []
            },
            "5": {
                "name": "Shakes Base",
                "mat_card": 0,
                "mat_cell": [],
                "shovel": []
            },
            "6": {
                "name": "Sundae Base",
                "mat_card": 0,
                "mat_cell": [],
                "shovel": []
            }
        },
        "4": {
            "1": {
                "name": "Fennel Bamboo Raft - Daytime",
                "mat_card": 0,
                "mat_cell": [],
                "shovel": [
                    "1-3",
                    "1-4",
                    "1-5"
                ]
            },
            "2": {
                "name": "Fennel Bamboo Raft - Evening",
                "mat_card": 0,
                "mat_cell": [],
                "shovel": [
                    "1-3",
                    "1-4",
                    "1-5"
                ]
            },
            "3": {
                "name": "Cumin Broken Bridge - Daytime",
                "mat_card": 1,
                "mat_cell": [
                    "1-1",
                    "1-7",
                    "2-1",
                    "2-7",
                    "3-1",
                    "3-7",
                    "4-1",
                    "4-7",
                    "5-1",
                    "5-7",
                    "6-1",
                    "6-7",
                    "7-1",
                    "7-7",
                    "8-1",
                    "8-7",
                    "9-1",
                    "9-7"
                ],
                "shovel": [
                    "2-3",
                    "2-4",
                    "2-5"
                ]
            },
            "4": {
                "name": "Cumin Broken Bridge - Evening",
                "mat_card": 1,
                "mat_cell": [
                    "1-1",
                    "1-7",
                    "2-1",
                    "2-7",
                    "3-1",
                    "3-7",
                    "4-1",
                    "4-7",
                    "5-1",
                    "5-7",
                    "6-1",
                    "6-7",
                    "7-1",
                    "7-7",
                    "8-1",
                    "8-7",
                    "9-1",
                    "9-7"
                ],
                "shovel": [
                    "2-3",
                    "2-4",
                    "2-5"
                ]
            },
            "5": {
                "name": "Garden",
                "mat_card": 0,
                "mat_cell": [],
                "shovel": []
            },
            "6": {
                "name": "Sky Laurel - Daytime",
                "mat_card": 2,
                "mat_cell": [
                    "9-3",
                    "9-4",
                    "9-5"
                ],
                "shovel": []
            },
            "7": {
                "name": "Sky Laurel - Evening",
                "mat_card": 2,
                "mat_cell": [
                    "9-3",
                    "9-4",
                    "9-5"
                ],
                "shovel": []
            },
            "8": {
                "name": "Myrcia Airport - Daytime",
                "mat_card": 2,
                "mat_cell": [
                    "9-1",
                    "9-3",
                    "9-5",
                    "9-7"
                ],
                "shovel": []
            },
            "9": {
                "name": "Myrcia Airport - Evening",
                "mat_card": 2,
                "mat_cell": [
                    "9-1",
                    "9-3",
                    "9-5",
                    "9-7"
                ],
                "shovel": []
            },
            "10": {
                "name": "Spice Spacecraft",
                "mat_card": 2,
                "mat_cell": [
                    "9-1",
                    "9-2",
                    "9-6",
                    "9-7"
                ],
                "shovel": []
            },
            "11": {
                "name": "Pepper Floating Island - Daytime",
                "mat_card": 0,
                "mat_cell": [],
                "shovel": []
            },
            "12": {
                "name": "Pepper Floating Island - Evening",
                "mat_card": 0,
                "mat_cell": [],
                "shovel": []
            },
            "13": {
                "name": "Lilac Rainbow - Daytime",
                "mat_card": 0,
                "mat_cell": [],
                "shovel": []
            },
            "14": {
                "name": "Lilac Rainbow - Evening",
                "mat_card": 0,
                "mat_cell": [],
                "shovel": []
            },
            "15": {
                "name": "Thirteen-spices Central Island",
                "mat_card": 0,
                "mat_cell": [],
                "shovel": []
            },
            "16": {
                "name": "Floating Roam",
                "mat_card": 0,
                "mat_cell": [],
                "shovel": []
            }
        },
        "5": {
            "1": {
                "name": "Tuna Ocean Current",
                "mat_card": 2,
                "mat_cell": [
                    "3-1",
                    "3-2",
                    "3-3",
                    "3-4",
                    "3-5",
                    "3-6",
                    "3-7",
                    "4-1",
                    "4-2",
                    "4-3",
                    "4-4",
                    "4-5",
                    "4-6",
                    "4-7",
                    "5-1",
                    "5-2",
                    "5-3",
                    "5-4",
                    "5-5",
                    "5-6",
                    "5-7",
                    "6-1",
                    "6-2",
                    "6-3",
                    "6-4",
                    "6-5",
                    "6-6",
                    "6-7",
                    "7-1",
                    "7-2",
                    "7-3",
                    "7-4",
                    "7-5",
                    "7-6",
                    "7-7",
                    "8-1",
                    "8-2",
                    "8-3",
                    "8-4",
                    "8-5",
                    "8-6",
                    "8-7",
                    "9-1",
                    "9-2",
                    "9-3",
                    "9-4",
                    "9-5",
                    "9-6",
                    "9-7"
                ],
                "shovel": ["1-1","1-2","1-4","1-5","1-6","1-7"]
            },
            "2": {
                "name": "Coral Ocean Current - Daytime",
                "mat_card": 2,
                "mat_cell": [
                    "4-1",
                    "4-2",
                    "4-3",
                    "4-4",
                    "4-5",
                    "4-6",
                    "4-7",
                    "5-1",
                    "5-2",
                    "5-3",
                    "5-4",
                    "5-5",
                    "5-6",
                    "5-7",
                    "6-1",
                    "6-2",
                    "6-3",
                    "6-4",
                    "6-5",
                    "6-6",
                    "6-7",
                    "7-2",
                    "7-3",
                    "7-4",
                    "7-5",
                    "7-6",
                    "8-3",
                    "8-4",
                    "8-5",
                    "9-4"
                ],
                "shovel": ["3-2","3-3","3-4","3-5","3-6"]
            },
            "3": {
                "name": "Coral Ocean Current - Evening",
                "mat_card": 2,
                "mat_cell": [
                    "3-1",
                    "3-4",
                    "3-7",
                    "4-1",
                    "4-2",
                    "4-3",
                    "4-5",
                    "4-6",
                    "4-7",
                    "5-1",
                    "5-2",
                    "5-6",
                    "5-7",
                    "6-1",
                    "6-2",
                    "6-3",
                    "6-5",
                    "6-6",
                    "6-7",
                    "7-1",
                    "7-2",
                    "7-3",
                    "7-4",
                    "7-5",
                    "7-6",
                    "7-7",
                    "8-2",
                    "8-3",
                    "8-4",
                    "8-5",
                    "8-6",
                    "9-3",
                    "9-4",
                    "9-5"
                ],
                "shovel": ["3-2","3-3","3-4","3-5","3-6"]
            },
            "4": {
                "name": "Clam Turbulence",
                "mat_card": 2,
                "mat_cell": [
                    "1-1",
                    "1-2",
                    "1-6",
                    "1-7",
                    "2-1",
                    "2-4",
                    "2-7",
                    "3-3",
                    "3-5",
                    "4-1",
                    "4-2",
                    "4-6",
                    "4-7",
                    "5-1",
                    "5-7",
                    "6-1",
                    "6-2",
                    "6-6",
                    "6-7",
                    "7-1",
                    "7-2",
                    "7-3",
                    "7-5",
                    "7-6",
                    "7-7",
                    "8-1",
                    "8-2",
                    "8-3",
                    "8-4",
                    "8-5",
                    "8-6",
                    "8-7",
                    "9-1",
                    "9-2",
                    "9-3",
                    "9-4",
                    "9-5",
                    "9-6",
                    "9-7"
                ],
                "shovel": ["2-2","2-3","2-5","2-6"]
            },
            "5": {
                "name": "Sea Anemone Ocean Current - Daytime",
                "mat_card": 2,
                "mat_cell": [
                    "1-1",
                    "1-7",
                    "2-1",
                    "2-2",
                    "2-6",
                    "2-7",
                    "3-1",
                    "3-2",
                    "3-3",
                    "3-5",
                    "3-6",
                    "3-7",
                    "4-1",
                    "4-7",
                    "5-1",
                    "5-7",
                    "6-1",
                    "6-7",
                    "7-1",
                    "7-2",
                    "7-3",
                    "7-5",
                    "7-6",
                    "7-7",
                    "8-1",
                    "8-2",
                    "8-6",
                    "8-7",
                    "9-1",
                    "9-7"
                ],
                "shovel": ["5-2","5-3","5-4","5-5","5-6"]
            },
            "6": {
                "name": "Sea Anemone Ocean Current - Evening",
                "mat_card": 2,
                "mat_cell": [
                    "1-1",
                    "1-2",
                    "1-6",
                    "1-7",
                    "2-1",
                    "2-2",
                    "2-3",
                    "2-5",
                    "2-6",
                    "2-7",
                    "3-1",
                    "3-4",
                    "3-7",
                    "4-4",
                    "5-3",
                    "5-5",
                    "6-4",
                    "7-1",
                    "7-4",
                    "7-7",
                    "8-1",
                    "8-2",
                    "8-3",
                    "8-5",
                    "8-6",
                    "8-7",
                    "9-1",
                    "9-2",
                    "9-6",
                    "9-7"
                ],
                "shovel": ["4-3","4-5","6-3","6-5"]
            },
            "7": {
                "name": "Tempura Vortex",
                "mat_card": 2,
                "mat_cell": [
                    "1-1","1-7",
                    "2-1","2-2","2-6","2-7",
                    "3-1","3-2","3-3","3-5","3-6","3-7",
                    "4-1","4-2","4-3","4-4","4-5","4-6","4-7",
                    "5-1","5-2","5-3","5-4","5-5","5-6","5-7",
                    "6-1","6-2","6-3","6-5","6-6","6-7",
                    "7-1","7-2","7-6","7-7",
                    "8-1","8-7"
                ],
                "shovel": ["1-3","1-4","1-5","2-4"]
            }
        }
    },
    "MT": {
        "1": {
            "125": {
                "name": "MT-1-125",
                "mat_card": 1,
                "mat_cell": [
                    "1-1",
                    "1-7",
                    "2-1",
                    "2-7",
                    "3-1",
                    "3-7",
                    "4-1",
                    "4-7",
                    "5-1",
                    "5-7",
                    "6-1",
                    "6-7",
                    "7-1",
                    "7-7",
                    "8-1",
                    "8-7",
                    "9-1",
                    "9-7"
                ],
                "shovel": []
            }
        },
        "3": {
            "1": {
                "name": "Magic Tower - Prison - Gold",
                "mat_card": 0,
                "mat_cell": [],
                "shovel": []
            },
            "2": {
                "name": "Magic Tower - Prison - Book",
                "mat_card": 0,
                "mat_cell": [],
                "shovel": []
            },
            "3": {
                "name": "Magic Tower - Prison - Crystal",
                "mat_card": 0,
                "mat_cell": [],
                "shovel": []
            },
            "4": {
                "name": "Magic Tower - Prison - Prestige",
                "mat_card": 0,
                "mat_cell": [],
                "shovel": []
            }
        }
    },
    "CS": {
        "1": {
            "1": {
                "name": " ",
                "mat_card": 1,
                "mat_cell": [
                    "1-1",
                    "1-2",
                    "1-3",
                    "1-4",
                    "1-5",
                    "1-6",
                    "1-7",
                    "2-1",
                    "2-7",
                    "3-1",
                    "3-7",
                    "4-1",
                    "4-7",
                    "5-1",
                    "5-7",
                    "6-1",
                    "6-7",
                    "7-1",
                    "7-7",
                    "8-1",
                    "8-7",
                    "9-1",
                    "9-2",
                    "9-3",
                    "9-4",
                    "9-5",
                    "9-6",
                    "9-7"
                ],
                "shovel": []
            },
            "2": {
                "name": " ",
                "mat_card": 1,
                "mat_cell": [
                    "1-1",
                    "1-2",
                    "1-3",
                    "1-4",
                    "1-5",
                    "1-6",
                    "1-7",
                    "2-1",
                    "2-7",
                    "3-1",
                    "3-7",
                    "4-1",
                    "4-7",
                    "5-1",
                    "5-7",
                    "6-1",
                    "6-7",
                    "7-1",
                    "7-7",
                    "8-1",
                    "8-7",
                    "9-1",
                    "9-2",
                    "9-3",
                    "9-4",
                    "9-5",
                    "9-6",
                    "9-7"
                ],
                "shovel": []
            },
            "3": {
                "name": " ",
                "mat_card": 1,
                "mat_cell": [
                    "1-1",
                    "1-2",
                    "1-3",
                    "1-4",
                    "1-5",
                    "1-6",
                    "1-7",
                    "2-1",
                    "2-7",
                    "3-1",
                    "3-7",
                    "4-1",
                    "4-7",
                    "5-1",
                    "5-7",
                    "6-1",
                    "6-7",
                    "7-1",
                    "7-7",
                    "8-1",
                    "8-7",
                    "9-1",
                    "9-2",
                    "9-3",
                    "9-4",
                    "9-5",
                    "9-6",
                    "9-7"
                ],
                "shovel": []
            },
            "4": {
                "name": " ",
                "mat_card": 1,
                "mat_cell": [
                    "1-1",
                    "1-2",
                    "1-3",
                    "1-4",
                    "1-5",
                    "1-6",
                    "1-7",
                    "2-1",
                    "2-7",
                    "3-1",
                    "3-7",
                    "4-1",
                    "4-7",
                    "5-1",
                    "5-7",
                    "6-1",
                    "6-7",
                    "7-1",
                    "7-7",
                    "8-1",
                    "8-7",
                    "9-1",
                    "9-2",
                    "9-3",
                    "9-4",
                    "9-5",
                    "9-6",
                    "9-7"
                ],
                "shovel": []
            },
            "5": {
                "name": " ",
                "mat_card": 1,
                "mat_cell": [
                    "1-1",
                    "1-2",
                    "1-3",
                    "1-4",
                    "1-5",
                    "1-6",
                    "1-7",
                    "2-1",
                    "2-7",
                    "3-1",
                    "3-7",
                    "4-1",
                    "4-7",
                    "5-1",
                    "5-7",
                    "6-1",
                    "6-7",
                    "7-1",
                    "7-7",
                    "8-1",
                    "8-7",
                    "9-1",
                    "9-2",
                    "9-3",
                    "9-4",
                    "9-5",
                    "9-6",
                    "9-7"
                ],
                "shovel": []
            },
            "6": {
                "name": " ",
                "mat_card": 1,
                "mat_cell": [
                    "1-1",
                    "1-2",
                    "1-3",
                    "1-4",
                    "1-5",
                    "1-6",
                    "1-7",
                    "2-1",
                    "2-7",
                    "3-1",
                    "3-7",
                    "4-1",
                    "4-7",
                    "5-1",
                    "5-7",
                    "6-1",
                    "6-7",
                    "7-1",
                    "7-7",
                    "8-1",
                    "8-7",
                    "9-1",
                    "9-2",
                    "9-3",
                    "9-4",
                    "9-5",
                    "9-6",
                    "9-7"
                ],
                "shovel": []
            },
            "7": {
                "name": " ",
                "mat_card": 1,
                "mat_cell": [
                    "1-1",
                    "1-2",
                    "1-3",
                    "1-4",
                    "1-5",
                    "1-6",
                    "1-7",
                    "2-1",
                    "2-7",
                    "3-1",
                    "3-7",
                    "4-1",
                    "4-7",
                    "5-1",
                    "5-7",
                    "6-1",
                    "6-7",
                    "7-1",
                    "7-7",
                    "8-1",
                    "8-7",
                    "9-1",
                    "9-2",
                    "9-3",
                    "9-4",
                    "9-5",
                    "9-6",
                    "9-7"
                ],
                "shovel": []
            },
            "8": {
                "name": " ",
                "mat_card": 1,
                "mat_cell": [
                    "1-1",
                    "1-2",
                    "1-3",
                    "1-4",
                    "1-5",
                    "1-6",
                    "1-7",
                    "2-1",
                    "2-7",
                    "3-1",
                    "3-7",
                    "4-1",
                    "4-7",
                    "5-1",
                    "5-7",
                    "6-1",
                    "6-7",
                    "7-1",
                    "7-7",
                    "8-1",
                    "8-7",
                    "9-1",
                    "9-2",
                    "9-3",
                    "9-4",
                    "9-5",
                    "9-6",
                    "9-7"
                ],
                "shovel": []
            }
        },
        "2": {
            "1": {
                "name": " ",
                "mat_card": 2,
                "mat_cell": [
                    "9-1",
                    "9-2",
                    "9-3",
                    "9-4",
                    "9-5",
                    "9-6",
                    "9-7"
                ],
                "shovel": []
            },
            "2": {
                "name": " ",
                "mat_card": 2,
                "mat_cell": [
                    "9-1",
                    "9-2",
                    "9-3",
                    "9-4",
                    "9-5",
                    "9-6",
                    "9-7"
                ],
                "shovel": []
            },
            "3": {
                "name": " ",
                "mat_card": 2,
                "mat_cell": [
                    "9-1",
                    "9-2",
                    "9-3",
                    "9-4",
                    "9-5",
                    "9-6",
                    "9-7"
                ],
                "shovel": []
            },
            "4": {
                "name": " ",
                "mat_card": 2,
                "mat_cell": [
                    "9-1",
                    "9-2",
                    "9-3",
                    "9-4",
                    "9-5",
                    "9-6",
                    "9-7"
                ],
                "shovel": []
            },
            "5": {
                "name": " ",
                "mat_card": 2,
                "mat_cell": [
                    "9-1",
                    "9-2",
                    "9-3",
                    "9-4",
                    "9-5",
                    "9-6",
                    "9-7"
                ],
                "shovel": []
            },
            "6": {
                "name": " ",
                "mat_card": 2,
                "mat_cell": [
                    "9-1",
                    "9-2",
                    "9-3",
                    "9-4",
                    "9-5",
                    "9-6",
                    "9-7"
                ],
                "shovel": []
            },
            "7": {
                "name": " ",
                "mat_card": 2,
                "mat_cell": [
                    "9-1",
                    "9-2",
                    "9-3",
                    "9-4",
                    "9-5",
                    "9-6",
                    "9-7"
                ],
                "shovel": []
            },
            "8": {
                "name": " ",
                "mat_card": 2,
                "mat_cell": [
                    "9-1",
                    "9-2",
                    "9-3",
                    "9-4",
                    "9-5",
                    "9-6",
                    "9-7"
                ],
                "shovel": []
            }
        },
        "3": {
            "1": {
                "name": " ",
                "mat_card": 2,
                "mat_cell": [
                    "2-1",
                    "2-2",
                    "2-6",
                    "2-7",
                    "3-1",
                    "3-2",
                    "3-3",
                    "3-6",
                    "3-7",
                    "4-3",
                    "4-4",
                    "4-5",
                    "4-6",
                    "5-3",
                    "5-4",
                    "5-5",
                    "6-2",
                    "6-3",
                    "6-4",
                    "6-5",
                    "7-1",
                    "7-2",
                    "7-5",
                    "7-6",
                    "7-7",
                    "8-1",
                    "8-2",
                    "8-6",
                    "8-7"
                ],
                "shovel": []
            },
            "2": {
                "name": " ",
                "mat_card": 2,
                "mat_cell": [
                    "2-1",
                    "2-2",
                    "2-6",
                    "2-7",
                    "3-1",
                    "3-2",
                    "3-3",
                    "3-6",
                    "3-7",
                    "4-3",
                    "4-4",
                    "4-5",
                    "4-6",
                    "5-3",
                    "5-4",
                    "5-5",
                    "6-2",
                    "6-3",
                    "6-4",
                    "6-5",
                    "7-1",
                    "7-2",
                    "7-5",
                    "7-6",
                    "7-7",
                    "8-1",
                    "8-2",
                    "8-6",
                    "8-7"
                ],
                "shovel": []
            },
            "3": {
                "name": " ",
                "mat_card": 2,
                "mat_cell": [
                    "2-1",
                    "2-2",
                    "2-6",
                    "2-7",
                    "3-1",
                    "3-2",
                    "3-3",
                    "3-6",
                    "3-7",
                    "4-3",
                    "4-4",
                    "4-5",
                    "4-6",
                    "5-3",
                    "5-4",
                    "5-5",
                    "6-2",
                    "6-3",
                    "6-4",
                    "6-5",
                    "7-1",
                    "7-2",
                    "7-5",
                    "7-6",
                    "7-7",
                    "8-1",
                    "8-2",
                    "8-6",
                    "8-7"
                ],
                "shovel": []
            },
            "4": {
                "name": " ",
                "mat_card": 2,
                "mat_cell": [
                    "2-1",
                    "2-2",
                    "2-6",
                    "2-7",
                    "3-1",
                    "3-2",
                    "3-3",
                    "3-6",
                    "3-7",
                    "4-3",
                    "4-4",
                    "4-5",
                    "4-6",
                    "5-3",
                    "5-4",
                    "5-5",
                    "6-2",
                    "6-3",
                    "6-4",
                    "6-5",
                    "7-1",
                    "7-2",
                    "7-5",
                    "7-6",
                    "7-7",
                    "8-1",
                    "8-2",
                    "8-6",
                    "8-7"
                ],
                "shovel": []
            },
            "5": {
                "name": " ",
                "mat_card": 2,
                "mat_cell": [
                    "2-1",
                    "2-2",
                    "2-6",
                    "2-7",
                    "3-1",
                    "3-2",
                    "3-3",
                    "3-6",
                    "3-7",
                    "4-3",
                    "4-4",
                    "4-5",
                    "4-6",
                    "5-3",
                    "5-4",
                    "5-5",
                    "6-2",
                    "6-3",
                    "6-4",
                    "6-5",
                    "7-1",
                    "7-2",
                    "7-5",
                    "7-6",
                    "7-7",
                    "8-1",
                    "8-2",
                    "8-6",
                    "8-7"
                ],
                "shovel": []
            },
            "6": {
                "name": " ",
                "mat_card": 2,
                "mat_cell": [
                    "2-1",
                    "2-2",
                    "2-6",
                    "2-7",
                    "3-1",
                    "3-2",
                    "3-3",
                    "3-6",
                    "3-7",
                    "4-3",
                    "4-4",
                    "4-5",
                    "4-6",
                    "5-3",
                    "5-4",
                    "5-5",
                    "6-2",
                    "6-3",
                    "6-4",
                    "6-5",
                    "7-1",
                    "7-2",
                    "7-5",
                    "7-6",
                    "7-7",
                    "8-1",
                    "8-2",
                    "8-6",
                    "8-7"
                ],
                "shovel": []
            },
            "7": {
                "name": " ",
                "mat_card": 2,
                "mat_cell": [
                    "2-1",
                    "2-2",
                    "2-6",
                    "2-7",
                    "3-1",
                    "3-2",
                    "3-3",
                    "3-6",
                    "3-7",
                    "4-3",
                    "4-4",
                    "4-5",
                    "4-6",
                    "5-3",
                    "5-4",
                    "5-5",
                    "6-2",
                    "6-3",
                    "6-4",
                    "6-5",
                    "7-1",
                    "7-2",
                    "7-5",
                    "7-6",
                    "7-7",
                    "8-1",
                    "8-2",
                    "8-6",
                    "8-7"
                ],
                "shovel": []
            },
            "8": {
                "name": " ",
                "mat_card": 2,
                "mat_cell": [
                    "2-1",
                    "2-2",
                    "2-6",
                    "2-7",
                    "3-1",
                    "3-2",
                    "3-3",
                    "3-6",
                    "3-7",
                    "4-3",
                    "4-4",
                    "4-5",
                    "4-6",
                    "5-3",
                    "5-4",
                    "5-5",
                    "6-2",
                    "6-3",
                    "6-4",
                    "6-5",
                    "7-1",
                    "7-2",
                    "7-5",
                    "7-6",
                    "7-7",
                    "8-1",
                    "8-2",
                    "8-6",
                    "8-7"
                ],
                "shovel": []
            }
        },
        "4": {
            "1": {
                "name": " ",
                "mat_card": 1,
                "mat_cell": [
                    "1-3",
                    "1-4",
                    "1-5",
                    "2-3",
                    "2-4",
                    "2-5",
                    "3-3",
                    "3-4",
                    "3-5",
                    "4-3",
                    "4-4",
                    "4-5",
                    "5-3",
                    "5-4",
                    "5-5",
                    "6-3",
                    "6-4",
                    "6-5",
                    "7-3",
                    "7-4",
                    "7-5",
                    "8-3",
                    "8-4",
                    "8-5",
                    "9-3",
                    "9-4",
                    "9-5"
                ],
                "shovel": []
            },
            "2": {
                "name": " ",
                "mat_card": 1,
                "mat_cell": [
                    "1-3",
                    "1-4",
                    "1-5",
                    "2-3",
                    "2-4",
                    "2-5",
                    "3-3",
                    "3-4",
                    "3-5",
                    "4-3",
                    "4-4",
                    "4-5",
                    "5-3",
                    "5-4",
                    "5-5",
                    "6-3",
                    "6-4",
                    "6-5",
                    "7-3",
                    "7-4",
                    "7-5",
                    "8-3",
                    "8-4",
                    "8-5",
                    "9-3",
                    "9-4",
                    "9-5"
                ],
                "shovel": []
            },
            "3": {
                "name": " ",
                "mat_card": 1,
                "mat_cell": [
                    "1-3",
                    "1-4",
                    "1-5",
                    "2-3",
                    "2-4",
                    "2-5",
                    "3-3",
                    "3-4",
                    "3-5",
                    "4-3",
                    "4-4",
                    "4-5",
                    "5-3",
                    "5-4",
                    "5-5",
                    "6-3",
                    "6-4",
                    "6-5",
                    "7-3",
                    "7-4",
                    "7-5",
                    "8-3",
                    "8-4",
                    "8-5",
                    "9-3",
                    "9-4",
                    "9-5"
                ],
                "shovel": []
            },
            "4": {
                "name": " ",
                "mat_card": 1,
                "mat_cell": [
                    "1-3",
                    "1-4",
                    "1-5",
                    "2-3",
                    "2-4",
                    "2-5",
                    "3-3",
                    "3-4",
                    "3-5",
                    "4-3",
                    "4-4",
                    "4-5",
                    "5-3",
                    "5-4",
                    "5-5",
                    "6-3",
                    "6-4",
                    "6-5",
                    "7-3",
                    "7-4",
                    "7-5",
                    "8-3",
                    "8-4",
                    "8-5",
                    "9-3",
                    "9-4",
                    "9-5"
                ],
                "shovel": []
            },
            "5": {
                "name": " ",
                "mat_card": 1,
                "mat_cell": [
                    "1-3",
                    "1-4",
                    "1-5",
                    "2-3",
                    "2-4",
                    "2-5",
                    "3-3",
                    "3-4",
                    "3-5",
                    "4-3",
                    "4-4",
                    "4-5",
                    "5-3",
                    "5-4",
                    "5-5",
                    "6-3",
                    "6-4",
                    "6-5",
                    "7-3",
                    "7-4",
                    "7-5",
                    "8-3",
                    "8-4",
                    "8-5",
                    "9-3",
                    "9-4",
                    "9-5"
                ],
                "shovel": []
            }
        },
        "5": {
            "1": {
                "name": " ",
                "mat_card": 0,
                "mat_cell": [],
                "shovel": []
            },
            "2": {
                "name": " ",
                "mat_card": 0,
                "mat_cell": [],
                "shovel": []
            },
            "3": {
                "name": " ",
                "mat_card": 0,
                "mat_cell": [],
                "shovel": []
            },
            "4": {
                "name": " ",
                "mat_card": 1,
                "mat_cell": [
                    "4-1",
                    "4-7",
                    "6-1",
                    "6-7"
                ],
                "shovel": []
            },
            "5": {
                "name": " ",
                "mat_card": 1,
                "mat_cell": [
                    "4-4",
                    "5-3",
                    "5-5",
                    "6-4"
                ],
                "shovel": []
            }
        },
        "6": {
            "1": {
                "name": " ",
                "mat_card": 2,
                "mat_cell": [
                    "1-1",
                    "1-2",
                    "1-3",
                    "1-4",
                    "1-5",
                    "1-6",
                    "1-7",
                    "2-1",
                    "2-7",
                    "3-1",
                    "3-7",
                    "4-1",
                    "4-7",
                    "5-1",
                    "5-7",
                    "6-1",
                    "6-7",
                    "7-1",
                    "7-7",
                    "8-1",
                    "8-7",
                    "9-1",
                    "9-2",
                    "9-3",
                    "9-4",
                    "9-5",
                    "9-6",
                    "9-7"
                ],
                "shovel": []
            },
            "2": {
                "name": " ",
                "mat_card": 2,
                "mat_cell": [
                    "1-1",
                    "1-2",
                    "1-3",
                    "1-4",
                    "1-5",
                    "1-6",
                    "1-7",
                    "2-1",
                    "2-7",
                    "3-1",
                    "3-7",
                    "4-1",
                    "4-7",
                    "5-1",
                    "5-7",
                    "6-1",
                    "6-7",
                    "7-1",
                    "7-7",
                    "8-1",
                    "8-7",
                    "9-1",
                    "9-2",
                    "9-3",
                    "9-4",
                    "9-5",
                    "9-6",
                    "9-7"
                ],
                "shovel": []
            },
            "3": {
                "name": " ",
                "mat_card": 2,
                "mat_cell": [
                    "1-1",
                    "1-2",
                    "1-3",
                    "1-4",
                    "1-5",
                    "1-6",
                    "1-7",
                    "2-1",
                    "2-7",
                    "3-1",
                    "3-7",
                    "4-1",
                    "4-7",
                    "5-1",
                    "5-7",
                    "6-1",
                    "6-7",
                    "7-1",
                    "7-7",
                    "8-1",
                    "8-7",
                    "9-1",
                    "9-2",
                    "9-3",
                    "9-4",
                    "9-5",
                    "9-6",
                    "9-7"
                ],
                "shovel": []
            },
            "4": {
                "name": " ",
                "mat_card": 2,
                "mat_cell": [
                    "1-1",
                    "1-2",
                    "1-3",
                    "1-4",
                    "1-5",
                    "1-6",
                    "1-7",
                    "2-1",
                    "2-7",
                    "3-1",
                    "3-7",
                    "4-1",
                    "4-7",
                    "5-1",
                    "5-7",
                    "6-1",
                    "6-7",
                    "7-1",
                    "7-7",
                    "8-1",
                    "8-7",
                    "9-1",
                    "9-2",
                    "9-3",
                    "9-4",
                    "9-5",
                    "9-6",
                    "9-7"
                ],
                "shovel": []
            },
            "5": {
                "name": " ",
                "mat_card": 2,
                "mat_cell": [
                    "1-1",
                    "1-2",
                    "1-3",
                    "1-4",
                    "1-5",
                    "1-6",
                    "1-7",
                    "2-1",
                    "2-7",
                    "3-1",
                    "3-7",
                    "4-1",
                    "4-7",
                    "5-1",
                    "5-7",
                    "6-1",
                    "6-7",
                    "7-1",
                    "7-7",
                    "8-1",
                    "8-7",
                    "9-1",
                    "9-2",
                    "9-3",
                    "9-4",
                    "9-5",
                    "9-6",
                    "9-7"
                ],
                "shovel": []
            },
            "6": {
                "name": " ",
                "mat_card": 2,
                "mat_cell": [
                    "1-1",
                    "1-2",
                    "1-3",
                    "1-4",
                    "1-5",
                    "1-6",
                    "1-7",
                    "2-1",
                    "2-7",
                    "3-1",
                    "3-7",
                    "4-1",
                    "4-7",
                    "5-1",
                    "5-7",
                    "6-1",
                    "6-7",
                    "7-1",
                    "7-7",
                    "8-1",
                    "8-7",
                    "9-1",
                    "9-2",
                    "9-3",
                    "9-4",
                    "9-5",
                    "9-6",
                    "9-7"
                ],
                "shovel": []
            },
            "7": {
                "name": " ",
                "mat_card": 2,
                "mat_cell": [
                    "1-1",
                    "1-2",
                    "1-3",
                    "1-4",
                    "1-5",
                    "1-6",
                    "1-7",
                    "2-1",
                    "2-7",
                    "3-1",
                    "3-7",
                    "4-1",
                    "4-7",
                    "5-1",
                    "5-7",
                    "6-1",
                    "6-7",
                    "7-1",
                    "7-7",
                    "8-1",
                    "8-7",
                    "9-1",
                    "9-2",
                    "9-3",
                    "9-4",
                    "9-5",
                    "9-6",
                    "9-7"
                ],
                "shovel": []
            },
            "8": {
                "name": " ",
                "mat_card": 2,
                "mat_cell": [
                    "1-1",
                    "1-2",
                    "1-3",
                    "1-4",
                    "1-5",
                    "1-6",
                    "1-7",
                    "2-1",
                    "2-7",
                    "3-1",
                    "3-7",
                    "4-1",
                    "4-7",
                    "5-1",
                    "5-7",
                    "6-1",
                    "6-7",
                    "7-1",
                    "7-7",
                    "8-1",
                    "8-7",
                    "9-1",
                    "9-2",
                    "9-3",
                    "9-4",
                    "9-5",
                    "9-6",
                    "9-7"
                ],
                "shovel": []
            }
        }
    }
}